[
	{
		"repo": "https://github.com/JadedPacks/Agrarian-Skies-2/raw/master/modz/",
		"file": "BetterQuesting-2.0-JADED_PATCHED.jar"
	},
	{
		"repo": "https://github.com/JadedPacks/Agrarian-Skies-2/raw/master/modz/",
		"file": "StandardExpansion-2.0-JADED_PATCHED.jar"
	},
	{
		"repo": "https://github.com/JadedPacks/Agrarian-Skies-2/raw/master/modz/",
		"file": "AgriCraft-1.7.10-1.5.0-JADED_PATCHED.jar"
	},
	{
		"repo": "https://github.com/JadedPacks/Agrarian-Skies-2/raw/master/modz/",
		"file": "RouterReborn-1.7.10-1.2.0.43-universal-JADED_PATCHED.jar"
	},
	{
		"repo": "https://github.com/JadedPacks/Agrarian-Skies-2/raw/master/modz/",
		"file": "Ex-Astris-1.7.10-1.16-JADED_PATCHED.jar"
	},
	{
		"repo": "https://github.com/JadedPacks/Agrarian-Skies-2/raw/master/modz/",
		"file": "Ex-Nihilo-1.38-53-JADED_PATCHED.jar"
	},
	{
		"repo": "https://github.com/JadedPacks/Agrarian-Skies-2/raw/master/modz/",
		"file": "natura-1.7.10-2.2.1a2-JADED_PATCHED.jar"
	},
	{
		"repo": "https://github.com/JadedPacks/Agrarian-Skies-2/raw/master/modz/",
		"file": "Sanguimancy-1.7.10-1.1.9-35-JADED_PATCHED.jar"
	},
	{
		"repo": "https://github.com/JadedPacks/Agrarian-Skies-2/raw/master/modz/",
		"file": "NotEnoughItems-1.7.10.1.0.5.120-JADED_PATCHED.jar"
	}
]